Rank,Title,Store
1,"2026 큰별쌤 최태성의 별★별한국사 기출 500제 한국사능력검정시험 심화 (1, 2, 3급)",Aladin
2,2026 선재국어 최우선 봉투 모의고사,Aladin
3,"2026 큰별쌤 최태성의 별★별한국사 한국사능력검정시험 심화(1, 2, 3급) 하",Aladin
4,"2026 큰별쌤 최태성의 별★별한국사 한국사능력검정시험 심화(1, 2, 3급) 상",Aladin
5,2027 김영북스 공부돼지 벼락치기 한능검 한국사능력검정시험 심화(1·2·3급),Aladin
6,"큰별쌤 최태성의 별별한국사 시대별 기출문제집 한국사능력검정시험 심화(1,2,3급)",Aladin
7,2026 심우철 실전 동형 모의고사 Season 4,Aladin
8,2026 문동균 한국사 지방직 대비 실전 봉투 모의고사,Aladin
9,2026 심우철 하프 모의고사 Season 5 : 지방직 대비,Aladin
10,2026 심우철 실전 동형 모의고사 Season 3,Aladin
11,2026 써니 행정법총론 봉투모의고사,Aladin
12,2026 이유진 국어 화제의 모의고사 (봉투형),Aladin
13,2026 문동균 한국사 D-30 문단속 모의고사,Aladin
14,"큰별쌤 최태성의 별별한국사 7일의 기적 한국사능력검정시험 심화(1, 2, 3급)",Aladin
15,2026 이동기 영어 실전동형 모의고사 Vol.2,Aladin
16,2027 SO NICE 백소나 소방학개론 기본서,Aladin
17,2026/27 똑똑한은경쌤 손해평가사 2차 이론서 + 100% 무료강의,Aladin
18,2026/27 똑똑한은경쌤 손해평가사 2차 문제집 + 100% 무료강의,Aladin
19,2026 해커스공무원 비비안 영어 매일 하프모의고사 20회분 (9급 공무원),Aladin
20,11일에 완성하는 서경석의 다이어트 한국사능력검정시험 심화(1·2·3급),Aladin
21,2026 오정화 세법 지방세법 이거다 1 : 기출·응용 문제편,Aladin
22,2027 신광은 형법 각론 기출 OX 선택형,Aladin
23,2026 해커스경찰 김민철 경찰학 핵심지문 OX(오엑스),Aladin
24,2026 심우철 실전 동형 모의고사 Season 2,Aladin
25,2026 고종훈 한국사 지방직대비 동형모의고사,Aladin
26,2026 써니 행정법총론 실전동형 모의고사,Aladin
27,2026 단기 합격 해커스공기업 NCS 통합 기본서 (모듈형+피듈형+PSAT형+모의고사 6회분),Aladin
28,2026 고시넷 SK하이닉스 Maintenance/Operator 온라인 SKCT 최신기출유형 모의고사,Aladin
29,2026 황철곤 행정학 파이널 봉투 모의고사,Aladin
30,2026 권규호 공무원 국어 긴급특강,Aladin
31,2026 황철곤 행정학 실전동형 모의고사 시즌 2,Aladin
32,COMPACT 형법,Aladin
33,2026 유휘운 행정법총론 요약노트+기출문제 (요.플.) [회독용 암기 APP 제공],Aladin
34,2026 해커스공무원 실전동형모의고사 영어 2 12회분 (지방직 9급),Aladin
35,2026 심우철 실전 동형 모의고사 Season 1,Aladin
36,장정훈 경찰학 진도별 문제풀이 : 26년 2차 시험 대비,Aladin
37,2026 김중규 지방·서울9급 동형모의고사 선행정학,Aladin
38,2026 문동균 한국사 문단속 적중 최종병기 FINAL 모의고사,Aladin
39,2027 설보연 SANTA 교육학 단권화,Aladin
40,2027 SO NICE Fire 백소나 소방관계법규 1,Aladin
41,2026 조태정 영어 백신 모의고사 (추론 출제 경향) Season 3,Aladin
42,2026 스티마 면접 국가직 9급,Aladin
43,원페이지 교육학 기본서 상,Aladin
44,독끝 NCS 통합 기본서(PAST형+모듈형+피듈형) : 공기업 NCS 대비 세트 - 전2권,Aladin
45,2026 고종훈 한국사 단원별 기출 엄선 400제,Aladin
46,2026 지혜 국어 지방직 적중의 지혜 5·6월호 파이널,Aladin
47,2027 심슨 구문,Aladin
48,원페이지 교육학 기본서 하,Aladin
49,2026 해커스공무원 실전동형모의고사 국어 2 (지방직 9급),Aladin
50,2026 유휘운 행정법총론 실전동형 모의고사,Aladin
