Rank,Title,Publisher,Store
1,"2026 큰별쌤 최태성의 별별한국사 기출 500제 한국사능력검정시험 심화(1,2,3급)",이투스북,YES24
2,"2026 큰별쌤 최태성의 별별한국사 한국사능력검정시험 심화(1,2,3급) 하",이투스북,YES24
3,"2026 큰별쌤 최태성의 별별한국사 한국사능력검정시험 심화(1,2,3급) 상",이투스북,YES24
4,2026 선재국어 최우선 봉투 모의고사,수비니겨,YES24
5,2026 문동균 한국사 지방직 대비 실전 봉투 모의고사,에스티유니타스,YES24
6,2026 심우철 하프 모의고사 Season 5 : 지방직 대비,에스티유니타스,YES24
7,"큰별쌤 최태성의 별별한국사 시대별 기출문제집 한국사능력검정시험 심화(1,2,3급)",이투스북,YES24
8,2026 심우철 실전 동형 모의고사 Season 3,에스티유니타스,YES24
9,2026 오정화 세법 - 지방세법 이거다1(기출·응용 문제편),넥스트스터디(올에듀케이션),YES24
10,2026 심우철 실전 동형 모의고사 Season 4,에스티유니타스,YES24
11,2026 써니 행정법총론 봉투모의고사,제이씨에듀,YES24
12,2026 이동기 영어 실전동형 모의고사 Vol.2,이앤미래,YES24
13,2026 문동균 한국사 D-30 문단속 모의고사,에스티유니타스,YES24
14,2027 소방직 시험대비 SO NICE 백소나 소방학개론 기본서,더나은,YES24
15,2026 이유진 국어 화제의 모의고사,고시동네,YES24
16,"큰별쌤 최태성의 별별한국사 7일의 기적 한국사능력검정시험 심화(1,2,3급)",이투스북,YES24
17,2026/27 똑똑한은경쌤 손해평가사 2차 이론서 +100% 무료강의,직업상점,YES24
18,11일에 완성하는 서경석의 다이어트 한국사능력검정시험 심화(1·2·3급),다락원,YES24
19,2026/27 똑똑한은경쌤 손해평가사 2차 문제집 +100% 무료강의,직업상점,YES24
20,2026 고종훈 한국사 지방직대비 동형모의고사,발해북스,YES24
21,"2026 권규호 공무원 국어 긴급특강[논리, 강화약화, 고난도 독해]",권규호언어연구실,YES24
22,2026 해커스공무원 비비안 영어 매일 하프모의고사 20회분(9급 공무원),해커스공무원,YES24
23,2026 황철곤 행정학 실전동형 모의고사 SEASON 2,넥스트스터디,YES24
24,2026 한 권으로 끝내는 시나공 컴활 2급 필기+실기 (컴퓨터활용능력 2급),길벗,YES24
25,"2027 심승아 Simple, Detail 심테일 소방학개론 1",모두공북스,YES24
26,2026 해커스공무원 실전동형모의고사 영어 2 12회분 (지방직 9급),해커스공무원,YES24
27,2026 황철곤 행정학 파이널 봉투 모의고사,넥스트스터디,YES24
28,2026 위포트 공기업 NCS 통합기본서 (PSAT형+모듈형+피듈형+실전 모의고사),위포트,YES24
29,2027 소방직 시험대비 SO NICE 백소나 소방관계법규 1,더나은,YES24
30,2026 고시넷 지역농협 6급 NCS 오픈봉투모의고사,고시넷,YES24
31,2026 성정혜 영어 단짠 피드백 모의고사 vol.3,제이엔비인싸이트,YES24
32,2026 심우철 실전 동형 모의고사 Season 2,에스티유니타스,YES24
33,2027 소방직 시험대비 SO NICE 백소나 소방관계법규 2,더나은,YES24
34,2026 단기 합격 해커스공기업 NCS 통합 기본서(모듈형+피듈형+PSAT형+모의고사 6회분),해커스잡,YES24
35,2026 써니 행정법총론 실전동형 모의고사,에스티유니타스,YES24
36,2026 문동균 한국사 문단속 적중 최종병기 FINAL 모의고사,에스티유니타스,YES24
37,2026 유휘운 행정법총론 실전동형 모의고사,지금(도서출판),YES24
38,2026 해커스 전산세무 2급 한권합격 이론+실무+최신기출 12회분+무료특강,해커스금융,YES24
39,2026 이동기 영어 실전동형 모의고사 Vol.1: [16회]: 온라인 동영상 강의 무료 제공,지금(도서출판),YES24
40,2026 김중규 지방·서울9급 동형모의고사 선행정학,카스파,YES24
41,2026 선재국어 결승선 봉투 모의고사,수비니겨,YES24
42,2026 해커스경찰 김민철 경찰학 핵심지문 OX(오엑스),해커스경찰,YES24
43,2026 심우철 실전 동형 모의고사 Season 1,에스티유니타스,YES24
44,2026 심우철 이것만은 알고 가자,에스티유니타스,YES24
45,2026 지혜 국어 지방직 적중의 지혜 5·6월호 파이널,공비타북스,YES24
46,2027 심슨 구문,에스티유니타스,YES24
47,2026 조태정 영어 백신 모의고사 Season 3,사피엔스넷,YES24
48,2026 해커스공무원 실전동형모의고사 국어 2 (지방직 9급),해커스공무원,YES24
49,"원큐패스 서경석 한국사능력검정시험 심화 기출문제집 (저자 직강 무료 동영상, 제77회 기출문제 수록)",다락원,YES24
50,2026 민준호 행정법 실전동형 모의고사 (최최개사기),호인북스,YES24
51,2026 한 권으로 끝내는 시나공 컴활 1급 필기+실기(컴퓨터활용능력 1급),길벗,YES24
52,2026 에듀윌 산업안전기사 필기 한권끝장 [이론편+기출문제편],에듀윌,YES24
53,2026 유휘운 행정법총론 요약노트+기출문제 (요.플.),넥스트스터디,YES24
54,2026 해커스 금융투자분석사 한권합격 핵심개념+적중문제,해커스금융,YES24
55,에듀윌 부산시 통합채용+부산교통공사 실전모의고사(NCS 5회+관계법령 2회+전공 1회+무료특강),에듀윌,YES24
56,2026 해커스공무원 실전동형모의고사 한국사 2 16회분 (지방직 9급),해커스공무원,YES24
57,2026 고종훈 한국사 단원별 기출엄선 400제,발해북스,YES24
58,2027 설보연 SANTA 교육학 단권화,계획된우연,YES24
59,2026 변민재 교육학 화룡점정 파이널 모의고사,박영스토리,YES24
60,2026 문동균 한국사 국가직 대비 실전 봉투 모의고사,에스티유니타스,YES24
61,2026 선재국어 신유형 매일 국어 시즌 4 전 범위 반쪽 모의고사,수비니겨,YES24
62,2026 써니 행정법총론 핵심집약,제이씨에듀,YES24
63,2026 김건호 헌법 찐합격노트,(주)박영사,YES24
64,2026 황철곤 행정학 패스프레소,사피엔스넷,YES24
65,2026 이기적 컴퓨터활용능력 2급 필기+실기 올인원,영진닷컴,YES24
66,"2025·2026 큰별쌤 최태성의 별별한국사 한국사능력검정시험 기본(4,5,6급)",이투스북,YES24
67,2026 [직8딴] 김영북스 직접 8일 만에 딴 산업안전기사 필기,김영북스,YES24
68,2026 심슨 문법 300제,에스티유니타스,YES24
69,2026 스티마 면접 국가직 9급,(주)박영사,YES24
70,2026 황철곤 행정학 기출 오마주 500제,넥스트스터디,YES24
71,2027 해커스공무원 신민숙 쉬운국어 한 권으로 끝(9급 공무원),해커스공무원,YES24
72,2027 정태성 말랑말랑 소방학개론 기본서,모두공북스,YES24
73,2027 LEET 대비 파이널 엄선 모의고사 언어이해 3회분,하이컨시북스,YES24
74,2026 헝그리스포츠 스포츠지도사 보디빌딩 실기·구술 (5종 자격증 포함) + 100% 무료강의,직업상점,YES24
75,2026-2027 이진욱 세무사의 공무원 지방세법 기출플러스,배움,YES24
76,2026 시대에듀 투자자산운용사 실제유형 모의고사 + 특별부록 PASSCODE Premium Plus ver 2.0,시대고시기획 시대교육,YES24
77,2026 써니 행정법총론 단원별 모의고사,에스티유니타스,YES24
78,2026 문동균 한국사 한 권으로 모든 것을 정리하는 판서노트,에스티유니타스,YES24
79,2026 김헌경 지역사회간호 실전 모의고사 푸러다,에스티유니타스,YES24
80,2027 신광은 형사법 형법 각론 기출 OX 선택형,느루,YES24
81,2026 오정화 회계학 봉투모의고사,넥스트스터디(올에듀케이션),YES24
82,2027 LEET 대비 파이널 엄선 모의고사 추리논증 3회분,하이컨시북스,YES24
83,2026 정재현 공무원 영어 실전동형 모의고사 Season 2,에스티유니타스,YES24
84,2026 황철곤 행정학 실전동형 모의고사 SEASON 1,넥스트스터디,YES24
85,독끝 NCS 통합기본서 (PSAT형+모듈형+피듈형) 공기업 대비,애드투,YES24
86,2026 PMAAEDU 형사법능력평가 기출문제집,경찰공제회,YES24
87,2026 황철곤 행정학 최근 1개년 기출문제집,넥스트스터디,YES24
88,2026 선재국어 출발선 봉투 모의고사,수비니겨,YES24
89,2026 에듀윌 산업안전기사 실기 한권끝장+무료특강 [필답형+작업형],에듀윌,YES24
90,2026 에듀윌 SQLD SQL 개발자 2주끝장+무료특강,에듀윌,YES24
91,2026 김헌경 간호관리 실전 모의고사 푸러다,에스티유니타스,YES24
92,2027 이유진 국어 독해 알고리즘 기출 분석,에스티유니타스,YES24
93,2026 해커스경찰 갓대환 형사법 기출총정리 세트 (경찰공무원),해커스경찰,YES24
94,2026 해커스 전산회계 1급 3주 합격 이론+실무+최신기출 12회분+무료특강,해커스금융,YES24
95,2026 해커스 한국사능력검정시험 심화(1·2·3급) 한능검 시대별 기출문제집,해커스한국사,YES24
96,2026 써니 행정법총론 기출문제집,제이씨에듀,YES24
97,2026 황철곤 행정학 기출문제집,넥스트스터디,YES24
98,2026 LH한국토지주택공사 NCS 직업기초능력평가 FINAL 봉투모의고사(5급·6급),박문각,YES24
99,2026 문동균 한국사 기출은 문동균,에스티유니타스,YES24
100,독학사 한권으로 끝내기 가정관리론 (가정학 2단계),은하출판사,YES24
101,보카바이블 4.0,스텝업,YES24
102,2026 민경애 간호관리 도플갱어 실전동형 모의고사,스쿠리지,YES24
103,2026 해커스 투자자산운용사 한권합격 핵심개념+적중문제+공식노트,해커스금융,YES24
104,2026 민경애 지역사회간호 도플갱어 실전동형 모의고사,스쿠리지,YES24
105,2026 해커스 신용분석사 2부 한권합격 이론+적중문제+모의고사,해커스금융,YES24
106,2026 해커스공무원 매일 하프모의고사 영어 5 24회분 (지방직 9급),해커스공무원,YES24
107,2026 100% 무료강의 철도왕 한주끝장 부산교통공사 철도관계법 요약+문제집(기출문제포함) - (OX/빈칸/심화/실전모의고사) -,지식오름,YES24
108,2026 진짜 공무원 모의고사 시즌 2,에스티유니타스,YES24
109,2026 이유진 국어 백일기도 모의고사 [結(결) 적중],고시동네,YES24
110,2026 권규호 국어 시나리오 공무원 모의고사2,권규호언어연구실,YES24
111,2026 고시넷 공기업 NCS 기본서 : 초록이 1(모듈형/피듈형),고시넷,YES24
112,2026 심우철 문법 풀이 전략서(문풀전),에스티유니타스,YES24
113,2026 에듀윌 전기기사 필기 7+3개년 기출문제집,에듀윌,YES24
114,2026-2027 이진욱 세무사의 최종정리 OX세법 : 지방세편,배움,YES24
115,2027 심슨 구문(복습종이),에스티유니타스,YES24
116,2026 해커스군무원 실전동형모의고사 국어 16회분 (9·7급 군무원),해커스군무원,YES24
117,2025 해커스 LH 한국토지주택공사 NCS+전공 봉투모의고사,해커스잡,YES24
118,해커스공기업 NCS 피듈형(모듈+피셋) 통합 봉투모의고사 7회 (온라인 1회 포함),해커스공기업,YES24
119,2027 해커스경찰 신동욱 경찰헌법 기출문제집 (경찰공무원),해커스경찰,YES24
120,장정훈 경찰학 진도별 문제풀이,느루,YES24
